bus_no,driver_name,contact,source,destination
WB36AB1001,Aaryahi Zachariah,9511199348,Bangalore,Mysore
GJ99AB1002,Gokul Chandra,9238245349,Delhi,Chandigarh
HR45AB1003,Mahika Kamdar,9989331532,Gangtok,Siliguri
PB22AB1004,Shamik Bala,9548246508,Amritsar,Ludhiana
PB32AB1005,Anya Dhingra,9528039366,Raipur,Bilaspur
WB30AB1006,Riaan Kunda,9773247184,Amritsar,Ludhiana
PB91AB1007,Mohanlal Dubey,9136351487,Chennai,Coimbatore
DL29AB1008,Hridaan Dutta,9147941906,Guwahati,Shillong
MH77AB1009,Kartik Goel,9952511224,Bhubaneswar,Cuttack
MH60AB1010,Samaira Kohli,9240469817,Amritsar,Ludhiana
KA97AB1011,Vivaan Sarna,9945763215,Hyderabad,Vijayawada
MH83AB1012,Saksham Sathe,9306708909,Mumbai,Pune
DL94AB1013,Anay Sampath,9946362128,Chennai,Coimbatore
PB27AB1014,Taimur Srinivas,9468594016,Srinagar,Jammu
KA68AB1015,Eva Issac,9793531821,Ranchi,Jamshedpur
RJ91AB1016,Nayantara Ghosh,9546592066,Shimla,Manali
UP62AB1017,Alia Desai,9160009623,Raipur,Bilaspur
UP46AB1018,Kashvi Ray,9379665845,Guwahati,Shillong
PB73AB1019,Priyansh Balakrishnan,9453248466,Bhubaneswar,Cuttack
TN35AB1020,Vritika Date,9520088217,Raipur,Bilaspur
RJ65AB1021,Umang Mander,9957685718,Bhopal,Indore
GJ78AB1022,Shray Gour,9858111616,Raipur,Bilaspur
UP54AB1023,Nishith Roy,9111721208,Chennai,Coimbatore
WB88AB1024,Adira Gola,9951428436,Guwahati,Shillong
KA27AB1025,Stuvan Manne,9602794022,Mumbai,Pune
RJ80AB1026,Emir Gupta,9856367251,Agartala,Shillong
KA78AB1027,Myra Raman,9142555360,Bhopal,Indore
PB50AB1028,Misha Barad,9584858909,Srinagar,Jammu
KA62AB1029,Abram Gara,9398362718,Hyderabad,Vijayawada
GJ30AB1030,Anay Ghose,9268785624,Varanasi,Prayagraj
KA39AB1031,Arnav Anand,9927116138,Ahmedabad,Surat
MH70AB1032,Madhup Aurora,9671509470,Mumbai,Pune
DL17AB1033,Anika Baria,9692045344,Agartala,Shillong
UP58AB1034,Keya Cheema,9563120612,Jaipur,Udaipur
TN73AB1035,Vanya Deol,9901987616,Gangtok,Siliguri
UP94AB1036,Prerak Shenoy,9699292496,Imphal,Aizawl
PB96AB1037,Charvi Rajagopal,9775935525,Delhi,Chandigarh
UP12AB1038,Ritvik Lata,9616671484,Gangtok,Siliguri
PB95AB1039,Keya Kale,9683888660,Mumbai,Pune
GJ51AB1040,Rasha Sharaf,9632249911,Patna,Gaya
MH70AB1041,Samiha Korpal,9236169418,Chennai,Coimbatore
PB72AB1042,Amira Bajaj,9223081777,Kolkata,Durgapur
UP51AB1043,Aarna Chaudry,9488437505,Srinagar,Jammu
KA77AB1044,Dhanush Hans,9685701311,Bhubaneswar,Cuttack
DL61AB1045,Lagan Dutta,9839257057,Hyderabad,Vijayawada
RJ62AB1046,Pranay Wagle,9204444271,Bhopal,Indore
GJ41AB1047,Shray Bala,9785679601,Bangalore,Mysore
TN73AB1048,Hrishita Subramanian,9762615999,Agartala,Shillong
MH46AB1049,Hunar Wali,9640748934,Jaipur,Udaipur
DL31AB1050,Zain Banik,9212082828,Delhi,Chandigarh
WB37AB1051,Parinaaz Borde,9758550219,Nagpur,Nashik
MH31AB1052,Ivana Mangal,9862319579,Patna,Gaya
UP36AB1053,Rati Ganesh,9453752722,Bangalore,Mysore
TN41AB1054,Prisha Dasgupta,9441193848,Ahmedabad,Surat
DL12AB1055,Prisha Bhalla,9620657682,Kolkata,Durgapur
TN34AB1056,Pranay Lalla,9862509319,Raipur,Bilaspur
PB99AB1057,Shanaya Wadhwa,9552329137,Amritsar,Ludhiana
WB88AB1058,Piya Bandi,9572681954,Hyderabad,Vijayawada
UP84AB1059,Jayant Deep,9146688303,Mumbai,Pune
TN33AB1060,Bhamini Lanka,9303350649,Raipur,Bilaspur
GJ82AB1061,Zoya Rao,9111578260,Shimla,Manali
GJ78AB1062,Kiara Shah,9688432703,Delhi,Chandigarh
GJ36AB1063,Dishani Thakkar,9775433894,Varanasi,Prayagraj
DL46AB1064,Farhan Thakur,9905773663,Imphal,Aizawl
PB62AB1065,Miraya Chander,9360282064,Bangalore,Mysore
RJ91AB1066,Nirvaan Kalla,9328206344,Shimla,Manali
TN23AB1067,Shamik Banerjee,9158191529,Gangtok,Siliguri
UP43AB1068,Anahi Banerjee,9426216434,Srinagar,Jammu
MH72AB1069,Nirvi Baral,9101603887,Nagpur,Nashik
HR49AB1070,Kartik Lata,9424244912,Gangtok,Siliguri
HR96AB1071,Samarth Lanka,9658805121,Nagpur,Nashik
TN24AB1072,Renee Bhagat,9688919269,Ahmedabad,Surat
GJ10AB1073,Miraan Sethi,9989543998,Gangtok,Siliguri
DL27AB1074,Eshani Kohli,9282249114,Nagpur,Nashik
GJ70AB1075,Eshani Hayre,9727807439,Patna,Gaya
DL51AB1076,Aniruddh Batta,9116714488,Srinagar,Jammu
UP75AB1077,Divyansh Bawa,9979442031,Dehradun,Haridwar
MH47AB1078,Kavya Randhawa,9543134104,Srinagar,Jammu
GJ73AB1079,Arhaan Chander,9522616612,Chennai,Coimbatore
KA77AB1080,Anahita Sandhu,9126125721,Shimla,Manali
MH58AB1081,Indranil Ranganathan,9235599196,Varanasi,Prayagraj
DL84AB1082,Dharmajan Sagar,9881598706,Dehradun,Haridwar
UP30AB1083,Nirvi Lalla,9797410160,Amritsar,Ludhiana
MH20AB1084,Tanya Grover,9283509047,Imphal,Aizawl
KA29AB1085,Kavya Dasgupta,9358773851,Bhopal,Indore
MH49AB1086,Faiyaz Saxena,9685435055,Srinagar,Jammu
RJ85AB1087,Aarush Tak,9318206694,Bhopal,Indore
GJ61AB1088,Badal Lad,9717054015,Kochi,Trivandrum
PB17AB1089,Purab Sha,9470490436,Amritsar,Ludhiana
GJ35AB1090,Dhanuk Yadav,9648173904,Ranchi,Jamshedpur
MH14AB1091,Hansh Kibe,9126969170,Patna,Gaya
WB62AB1092,Anahi Borah,9953918929,Bangalore,Mysore
MH72AB1093,Yakshit Suri,9362503882,Gangtok,Siliguri
GJ88AB1094,Rasha Wason,9627229137,Kolkata,Durgapur
PB94AB1095,Yashvi Venkatesh,9640321380,Patna,Gaya
TN66AB1096,Umang Contractor,9376158012,Dehradun,Haridwar
GJ82AB1097,Reyansh Borde,9818991171,Jaipur,Udaipur
RJ12AB1098,Taimur Doctor,9602073784,Agartala,Shillong
MH26AB1099,Dishani Bora,9211284057,Amritsar,Ludhiana
WB86AB1100,Yuvraj  Dyal,9300317930,Srinagar,Jammu
HR93AB1101,Kimaya Bhasin,9555158916,Srinagar,Jammu
HR63AB1102,Ranbir Subramanian,9368805747,Amritsar,Ludhiana
WB65AB1103,Rhea Madan,9527972716,Imphal,Aizawl
HR98AB1104,Aradhya Chhabra,9327322117,Imphal,Aizawl
TN99AB1105,Azad Kannan,9153350065,Varanasi,Prayagraj
WB85AB1106,Yuvraj  Mahal,9408476140,Kochi,Trivandrum
WB43AB1107,Stuvan Ravi,9491661433,Agartala,Shillong
PB80AB1108,Jiya Hora,9728059497,Ahmedabad,Surat
RJ31AB1109,Charvi Chakrabarti,9273863802,Guwahati,Shillong
HR11AB1110,Prisha Contractor,9841542465,Nagpur,Nashik
HR28AB1111,Zaina Walla,9553573639,Imphal,Aizawl
KA56AB1112,Jayesh Lala,9270406239,Ranchi,Jamshedpur
DL78AB1113,Umang Rana,9217967067,Guwahati,Shillong
HR92AB1114,Rohan Kunda,9480089017,Guwahati,Shillong
GJ34AB1115,Jayan Mammen,9255033724,Bangalore,Mysore
TN22AB1116,Aradhya Karnik,9988843849,Varanasi,Prayagraj
KA17AB1117,Indrans Sinha,9631405199,Bangalore,Mysore
DL65AB1118,Mamooty Sastry,9795747420,Jaipur,Udaipur
TN90AB1119,Misha Viswanathan,9723173524,Raipur,Bilaspur
TN79AB1120,Dharmajan Halder,9229591839,Patna,Gaya
KA54AB1121,Aaryahi Choudhury,9833529812,Delhi,Chandigarh
GJ40AB1122,Tushar Varma,9609620567,Lucknow,Kanpur
TN64AB1123,Ela Kanda,9159033043,Bhubaneswar,Cuttack
KA63AB1124,Amira Agrawal,9498820923,Nagpur,Nashik
RJ26AB1125,Elakshi Kala,9813731288,Srinagar,Jammu
RJ44AB1126,Aayush Iyer,9527144579,Patna,Gaya
KA26AB1127,Renee Bhat,9139211905,Shimla,Manali
DL76AB1128,Anahita Kara,9610555603,Varanasi,Prayagraj
MH62AB1129,Ishaan Savant,9703241764,Guwahati,Shillong
MH54AB1130,Lakshit Agate,9370930623,Gangtok,Siliguri
GJ43AB1131,Jayan Balakrishnan,9412348098,Mumbai,Pune
MH61AB1132,Dharmajan Kohli,9258817490,Chennai,Coimbatore
RJ11AB1133,Raghav Bhakta,9402514492,Shimla,Manali
GJ93AB1134,Indranil Raja,9307350540,Chennai,Coimbatore
TN90AB1135,Badal Venkataraman,9635808884,Bhubaneswar,Cuttack
DL90AB1136,Devansh Malhotra,9993712861,Kochi,Trivandrum
GJ32AB1137,Darshit Buch,9580239597,Agartala,Shillong
GJ81AB1138,Baiju Ben,9873927305,Jaipur,Udaipur
TN99AB1139,Kiaan Barad,9777510111,Ahmedabad,Surat
HR55AB1140,Vaibhav Biswas,9935137174,Patna,Gaya
WB84AB1141,Mamooty Apte,9777492014,Imphal,Aizawl
GJ70AB1142,Suhana Dhar,9217267512,Ahmedabad,Surat
DL63AB1143,Yuvraj  Srinivas,9455975671,Kochi,Trivandrum
KA61AB1144,Nitara Cheema,9721683466,Agartala,Shillong
WB34AB1145,Ivan Bora,9849068577,Mumbai,Pune
PB93AB1146,Zoya Varty,9373643888,Nagpur,Nashik
TN28AB1147,Anahi Behl,9160570230,Ahmedabad,Surat
HR45AB1148,Mohanlal Banik,9489948431,Bangalore,Mysore
KA73AB1149,Stuvan Reddy,9610517981,Guwahati,Shillong
GJ35AB1150,Pihu Saini,9391379926,Amritsar,Ludhiana
KA34AB1151,Riya Ben,9207584913,Lucknow,Kanpur
PB70AB1152,Zoya Sundaram,9211136984,Kochi,Trivandrum
PB45AB1153,Mahika Mannan,9687076899,Bhopal,Indore
MH45AB1154,Ojas Zachariah,9311609690,Ranchi,Jamshedpur
GJ86AB1155,Nayantara Swamy,9766377666,Varanasi,Prayagraj
HR56AB1156,Shayak Chaudhry,9268646816,Shimla,Manali
UP94AB1157,Advika Chopra,9564098439,Varanasi,Prayagraj
KA40AB1158,Taimur Hayer,9704986350,Gangtok,Siliguri
RJ34AB1159,Gokul Venkatesh,9399391326,Shimla,Manali
RJ89AB1160,Ryan Sastry,9159516712,Kolkata,Durgapur
WB35AB1161,Elakshi Bhakta,9468980551,Bhubaneswar,Cuttack
HR38AB1162,Seher Hari,9284128221,Hyderabad,Vijayawada
DL16AB1163,Aniruddh Gour,9565483249,Imphal,Aizawl
GJ20AB1164,Rohan Suri,9456247805,Nagpur,Nashik
HR84AB1165,Mohanlal Magar,9582736776,Guwahati,Shillong
HR61AB1166,Yuvaan Banerjee,9935020637,Lucknow,Kanpur
TN93AB1167,Tejas Varma,9767679340,Bhubaneswar,Cuttack
MH88AB1168,Jivika Bal,9349392107,Patna,Gaya
DL59AB1169,Manikya Bir,9364450858,Amritsar,Ludhiana
GJ25AB1170,Zaina Behl,9176990323,Amritsar,Ludhiana
TN43AB1171,Kashvi Toor,9821742300,Bhopal,Indore
PB28AB1172,Shlok Bala,9200484275,Dehradun,Haridwar
DL16AB1173,Sahil Rama,9536814485,Dehradun,Haridwar
RJ67AB1174,Aarna Vasa,9578707633,Kolkata,Durgapur
UP26AB1175,Jayesh Bora,9234143709,Patna,Gaya
MH77AB1176,Damini Sachar,9915105535,Bangalore,Mysore
UP30AB1177,Kartik Sur,9258206615,Guwahati,Shillong
UP50AB1178,Ryan Goswami,9511513566,Amritsar,Ludhiana
HR36AB1179,Ehsaan Sheth,9223923528,Bhubaneswar,Cuttack
TN54AB1180,Tiya Sangha,9563689508,Shimla,Manali
DL79AB1181,Darshit Loyal,9112087561,Shimla,Manali
UP27AB1182,Ela Biswas,9677094821,Kochi,Trivandrum
HR32AB1183,Nakul Dara,9253268439,Varanasi,Prayagraj
WB67AB1184,Jiya Lall,9962631236,Jaipur,Udaipur
UP51AB1185,Parinaaz Kapoor,9464133394,Ahmedabad,Surat
MH17AB1186,Myra Kumer,9710738850,Hyderabad,Vijayawada
TN61AB1187,Farhan Chand,9415119461,Raipur,Bilaspur
HR30AB1188,Lagan Swaminathan,9450023515,Mumbai,Pune
WB91AB1189,Lagan Chaudhry,9412188455,Lucknow,Kanpur
UP73AB1190,Ojas Vaidya,9732463626,Patna,Gaya
TN71AB1191,Vanya Grewal,9737744702,Amritsar,Ludhiana
PB21AB1192,Indrajit Shah,9276649351,Hyderabad,Vijayawada
TN23AB1193,Devansh Kakar,9922693358,Chennai,Coimbatore
RJ16AB1194,Mamooty Kumar,9429894909,Guwahati,Shillong
TN39AB1195,Ojas Thaman,9708170533,Imphal,Aizawl
WB98AB1196,Parinaaz Krish,9464310724,Bhubaneswar,Cuttack
GJ32AB1197,Amira Kala,9398834820,Gangtok,Siliguri
MH48AB1198,Devansh Reddy,9243183080,Dehradun,Haridwar
PB86AB1199,Mehul Lata,9522393000,Nagpur,Nashik
KA32AB1200,Kashvi Rama,9822871292,Dehradun,Haridwar
WB16AB1201,Samiha Dara,9673892474,Nagpur,Nashik
KA41AB1202,Neysa Sule,9870178687,Amritsar,Ludhiana
RJ48AB1203,Samiha Goel,9902708199,Guwahati,Shillong
KA66AB1204,Aaryahi Shenoy,9304492637,Shimla,Manali
UP41AB1205,Alia Bose,9179593816,Bhopal,Indore
UP67AB1206,Kiara Verma,9907129928,Dehradun,Haridwar
WB25AB1207,Zara Wagle,9804122893,Jaipur,Udaipur
WB58AB1208,Aaina Kaul,9638916774,Raipur,Bilaspur
PB30AB1209,Indrajit Master,9955530534,Lucknow,Kanpur
GJ51AB1210,Hunar Dara,9129343154,Agartala,Shillong
KA52AB1211,Samaira Chander,9465591128,Lucknow,Kanpur
PB19AB1212,Anika Agarwal,9433681483,Ahmedabad,Surat
HR29AB1213,Pari Verma,9898131081,Amritsar,Ludhiana
PB59AB1214,Dhanuk Roy,9770655008,Amritsar,Ludhiana
RJ11AB1215,Anya Sen,9298905021,Hyderabad,Vijayawada
MH71AB1216,Alisha Kumer,9736278026,Raipur,Bilaspur
UP41AB1217,Inaaya  Lal,9869515508,Shimla,Manali
TN82AB1218,Pranay Sandal,9121021280,Ranchi,Jamshedpur
HR40AB1219,Taimur Amble,9226069929,Guwahati,Shillong
UP56AB1220,Ira Kaur,9266349763,Bangalore,Mysore
TN75AB1221,Yuvaan Khanna,9662328886,Varanasi,Prayagraj
UP92AB1222,Jayant Desai,9782576974,Patna,Gaya
UP29AB1223,Samiha De,9335433013,Hyderabad,Vijayawada
UP93AB1224,Tiya Dey,9369153175,Srinagar,Jammu
PB68AB1225,Taran Shenoy,9261025203,Raipur,Bilaspur
WB65AB1226,Zeeshan Devan,9481803292,Guwahati,Shillong
UP48AB1227,Samarth Tailor,9122133299,Chennai,Coimbatore
MH11AB1228,Biju Mani,9620717460,Agartala,Shillong
MH56AB1229,Jhanvi Ravi,9951866720,Imphal,Aizawl
DL30AB1230,Inaaya  Chandra,9887645437,Kochi,Trivandrum
TN76AB1231,Divyansh Garde,9152232046,Srinagar,Jammu
UP88AB1232,Ishaan Sood,9686436273,Bhubaneswar,Cuttack
DL74AB1233,Rohan Tailor,9424271503,Agartala,Shillong
RJ96AB1234,Gatik Kadakia,9463109471,Hyderabad,Vijayawada
PB77AB1235,Riaan Kurian,9250109912,Shimla,Manali
RJ78AB1236,Aarav Batra,9568022579,Bhopal,Indore
RJ34AB1237,Myra Soman,9385809238,Kolkata,Durgapur
GJ43AB1238,Amira Kakar,9270659905,Dehradun,Haridwar
PB27AB1239,Aayush Bhavsar,9339960982,Ahmedabad,Surat
KA55AB1240,Anay Sridhar,9475798512,Ahmedabad,Surat
MH75AB1241,Badal Walia,9448474496,Mumbai,Pune
RJ78AB1242,Jhanvi Balay,9474668729,Dehradun,Haridwar
WB51AB1243,Uthkarsh Master,9556880459,Hyderabad,Vijayawada
MH94AB1244,Divyansh Gole,9770885717,Gangtok,Siliguri
DL22AB1245,Samaira Tara,9310672472,Bhopal,Indore
HR63AB1246,Uthkarsh Borde,9820942450,Delhi,Chandigarh
HR15AB1247,Kiaan Ratta,9691610021,Shimla,Manali
PB52AB1248,Stuvan Krishnan,9150058149,Varanasi,Prayagraj
GJ27AB1249,Divyansh Gole,9644359076,Jaipur,Udaipur
DL61AB1250,Tarini Dugar,9773866558,Patna,Gaya
PB33AB1251,Zain Savant,9268996762,Agartala,Shillong
WB51AB1252,Kismat Balasubramanian,9546684218,Amritsar,Ludhiana
HR25AB1253,Elakshi Garg,9830178407,Guwahati,Shillong
TN73AB1254,Veer Handa,9260506905,Mumbai,Pune
PB88AB1255,Himmat Tank,9351144185,Gangtok,Siliguri
DL99AB1256,Aradhya Handa,9594874576,Ahmedabad,Surat
TN54AB1257,Navya Sidhu,9541295459,Ahmedabad,Surat
WB40AB1258,Stuvan Chand,9359035652,Shimla,Manali
UP45AB1259,Indrans Kaur,9595702655,Kochi,Trivandrum
KA11AB1260,Anvi Date,9911261936,Dehradun,Haridwar
WB22AB1261,Ritvik Kade,9466716436,Mumbai,Pune
GJ71AB1262,Hansh Manne,9751603041,Gangtok,Siliguri
WB40AB1263,Piya Walla,9603053319,Varanasi,Prayagraj
TN60AB1264,Mohanlal Vyas,9440797320,Varanasi,Prayagraj
WB26AB1265,Fateh Saini,9439685847,Lucknow,Kanpur
GJ61AB1266,Devansh Barad,9358904283,Patna,Gaya
UP13AB1267,Divit Soman,9758630282,Delhi,Chandigarh
PB50AB1268,Aarush Saxena,9486388763,Agartala,Shillong
DL33AB1269,Miraya Shenoy,9932343381,Srinagar,Jammu
KA11AB1270,Shray Bath,9221203561,Ranchi,Jamshedpur
WB57AB1271,Ahana  Aurora,9693178281,Nagpur,Nashik
UP60AB1272,Oorja Madan,9402934337,Patna,Gaya
GJ90AB1273,Shamik Mane,9844816292,Dehradun,Haridwar
KA29AB1274,Kaira Dora,9640487732,Kolkata,Durgapur
PB79AB1275,Eva Rattan,9114821726,Chennai,Coimbatore
PB75AB1276,Lavanya Johal,9339124471,Chennai,Coimbatore
DL46AB1277,Aayush Mangat,9680426236,Kolkata,Durgapur
WB16AB1278,Shamik Joshi,9694747064,Agartala,Shillong
DL89AB1279,Bhavin Bava,9671460253,Varanasi,Prayagraj
DL51AB1280,Divyansh Bhatti,9156802613,Srinagar,Jammu
GJ75AB1281,Lakshay Khurana,9422380498,Kolkata,Durgapur
DL59AB1282,Oorja Cheema,9398259225,Amritsar,Ludhiana
HR51AB1283,Darshit Sengupta,9633098286,Kochi,Trivandrum
TN75AB1284,Tejas Khatri,9199677813,Gangtok,Siliguri
KA28AB1285,Zeeshan Ganguly,9649334875,Lucknow,Kanpur
MH38AB1286,Jiya Bala,9746426041,Mumbai,Pune
TN23AB1287,Amani Chandra,9812081505,Srinagar,Jammu
RJ72AB1288,Tarini Chauhan,9446280622,Kolkata,Durgapur
PB74AB1289,Mamooty Master,9705823531,Bhopal,Indore
RJ61AB1290,Anay Maharaj,9816327040,Dehradun,Haridwar
HR35AB1291,Priyansh Kari,9810927095,Agartala,Shillong
WB65AB1292,Bhamini Lata,9307614549,Bhubaneswar,Cuttack
WB45AB1293,Tara Chaudhari,9305754790,Varanasi,Prayagraj
UP60AB1294,Anvi Divan,9260403949,Srinagar,Jammu
DL58AB1295,Anahita Tara,9102585417,Nagpur,Nashik
GJ48AB1296,Oorja Doctor,9331823061,Ahmedabad,Surat
WB28AB1297,Dhruv Bhargava,9519302710,Hyderabad,Vijayawada
WB96AB1298,Navya Dhaliwal,9851480902,Kochi,Trivandrum
KA97AB1299,Ritvik Randhawa,9318287787,Amritsar,Ludhiana
PB59AB1300,Neysa Lata,9712772182,Patna,Gaya
GJ87AB1301,Aaryahi Manne,9166668530,Varanasi,Prayagraj
WB17AB1302,Anvi Bumb,9312580782,Chennai,Coimbatore
HR44AB1303,Suhana Arora,9983678421,Chennai,Coimbatore
HR92AB1304,Aarna Comar,9727967153,Gangtok,Siliguri
DL78AB1305,Indranil Bajwa,9109296596,Bhubaneswar,Cuttack
WB97AB1306,Lavanya Mahal,9231985010,Delhi,Chandigarh
MH58AB1307,Aniruddh Chahal,9802574244,Lucknow,Kanpur
UP71AB1308,Mahika Sarin,9202742746,Bhopal,Indore
DL60AB1309,Vidur Singh,9295536123,Mumbai,Pune
TN97AB1310,Lagan Deshpande,9136106738,Raipur,Bilaspur
TN41AB1311,Abram Kadakia,9229177149,Lucknow,Kanpur
GJ90AB1312,Faiyaz Krishna,9922071084,Nagpur,Nashik
MH68AB1313,Samaira Sharma,9475664177,Ranchi,Jamshedpur
MH55AB1314,Sumer Gala,9241648893,Ahmedabad,Surat
WB73AB1315,Jivin Sahni,9695783866,Guwahati,Shillong
HR86AB1316,Uthkarsh Sharma,9174588588,Jaipur,Udaipur
MH68AB1317,Aarush Bhagat,9613109498,Shimla,Manali
RJ60AB1318,Hansh Mangat,9569057080,Gangtok,Siliguri
MH23AB1319,Ela Chacko,9100865263,Gangtok,Siliguri
PB43AB1320,Anahi Bhatia,9423391345,Imphal,Aizawl
DL76AB1321,Ryan Ghosh,9642237116,Bhopal,Indore
KA74AB1322,Miraya Jha,9616975138,Varanasi,Prayagraj
UP35AB1323,Jayesh Madan,9908314061,Kochi,Trivandrum
HR46AB1324,Saanvi Srivastava,9922710871,Ranchi,Jamshedpur
TN85AB1325,Prisha Loke,9744155278,Varanasi,Prayagraj
RJ15AB1326,Jivika Dora,9703377012,Mumbai,Pune
PB17AB1327,Veer Bawa,9174786839,Kolkata,Durgapur
GJ73AB1328,Taran Mall,9568234946,Gangtok,Siliguri
UP81AB1329,Neelofar Sabharwal,9137108969,Raipur,Bilaspur
HR37AB1330,Indranil Sandhu,9557369754,Delhi,Chandigarh
UP22AB1331,Ivana Shan,9263700980,Dehradun,Haridwar
TN12AB1332,Purab Som,9934932470,Nagpur,Nashik
UP71AB1333,Amani Saxena,9106111295,Shimla,Manali
PB49AB1334,Zara Bali,9303756545,Ahmedabad,Surat
MH56AB1335,Eva Ramesh,9710337775,Chennai,Coimbatore
HR60AB1336,Rasha Kumar,9734813508,Agartala,Shillong
PB89AB1337,Keya Varughese,9983934547,Nagpur,Nashik
DL31AB1338,Raunak Dugal,9279779550,Varanasi,Prayagraj
RJ51AB1339,Arhaan Chaudhary,9541575246,Patna,Gaya
RJ73AB1340,Parinaaz Virk,9937441260,Varanasi,Prayagraj
HR96AB1341,Ehsaan Mandal,9793448272,Kolkata,Durgapur
WB64AB1342,Misha Ravi,9254746539,Raipur,Bilaspur
UP90AB1343,Prisha Kibe,9959821407,Bangalore,Mysore
PB14AB1344,Dharmajan Mallick,9966123602,Kochi,Trivandrum
DL25AB1345,Ryan Vohra,9606157326,Bangalore,Mysore
PB52AB1346,Yasmin Contractor,9172379010,Agartala,Shillong
UP30AB1347,Mohanlal Sagar,9515340312,Ranchi,Jamshedpur
PB77AB1348,Nehmat Jani,9936042870,Bhubaneswar,Cuttack
MH63AB1349,Aaina Dasgupta,9316237958,Nagpur,Nashik
HR96AB1350,Bhavin Tiwari,9930832128,Varanasi,Prayagraj
MH27AB1351,Fateh Sanghvi,9780134801,Jaipur,Udaipur
PB20AB1352,Reyansh Bhat,9492660270,Amritsar,Ludhiana
KA20AB1353,Zoya Tak,9770502408,Hyderabad,Vijayawada
HR81AB1354,Neysa Wable,9484534233,Ranchi,Jamshedpur
WB95AB1355,Yakshit Sankar,9574299320,Guwahati,Shillong
WB31AB1356,Riaan Kari,9445604091,Jaipur,Udaipur
TN39AB1357,Yuvraj  Batra,9801192106,Nagpur,Nashik
MH93AB1358,Kanav Kade,9219169182,Agartala,Shillong
MH39AB1359,Prisha Doctor,9256535627,Kochi,Trivandrum
RJ17AB1360,Arnav Krishnan,9341110749,Imphal,Aizawl
DL82AB1361,Jiya Arora,9344626400,Delhi,Chandigarh
PB51AB1362,Gokul Golla,9388531195,Srinagar,Jammu
HR29AB1363,Urvi Madan,9429339659,Ranchi,Jamshedpur
KA19AB1364,Aarna Saraf,9113444550,Ranchi,Jamshedpur
GJ84AB1365,Veer Sridhar,9750748875,Jaipur,Udaipur
TN22AB1366,Arhaan Aurora,9420690258,Hyderabad,Vijayawada
GJ48AB1367,Emir Sood,9382416639,Shimla,Manali
MH58AB1368,Aaryahi Gandhi,9193923650,Patna,Gaya
WB94AB1369,Sana Vyas,9342796457,Lucknow,Kanpur
KA98AB1370,Aniruddh Srinivasan,9405014047,Amritsar,Ludhiana
WB80AB1371,Ishita Mahajan,9871354602,Mumbai,Pune
RJ47AB1372,Onkar Dave,9732579815,Kochi,Trivandrum
MH22AB1373,Jivin Rajagopalan,9517306988,Amritsar,Ludhiana
HR65AB1374,Madhav Sura,9921542347,Srinagar,Jammu
PB46AB1375,Aarav Apte,9713921186,Agartala,Shillong
TN87AB1376,Kashvi Barad,9713161195,Jaipur,Udaipur
HR78AB1377,Divij Ahuja,9874511088,Bhubaneswar,Cuttack
TN29AB1378,Dhanuk Choudhry,9667315483,Ahmedabad,Surat
RJ14AB1379,Onkar Karpe,9255232094,Srinagar,Jammu
PB99AB1380,Jayan Sane,9612535589,Ranchi,Jamshedpur
DL14AB1381,Jayant Sunder,9956218432,Guwahati,Shillong
WB43AB1382,Nirvaan Babu,9357468137,Chennai,Coimbatore
PB90AB1383,Shalv Deep,9677597031,Ranchi,Jamshedpur
DL21AB1384,Mamooty Bumb,9763283785,Hyderabad,Vijayawada
GJ68AB1385,Jhanvi Acharya,9360204056,Bangalore,Mysore
DL82AB1386,Azad Dass,9327219297,Kolkata,Durgapur
RJ52AB1387,Siya Lall,9168905036,Amritsar,Ludhiana
GJ93AB1388,Miraan Khatri,9611553256,Agartala,Shillong
UP85AB1389,Ira Mani,9986270445,Bhubaneswar,Cuttack
GJ93AB1390,Alisha Sawhney,9197460446,Ahmedabad,Surat
PB99AB1391,Zeeshan Sane,9304339145,Raipur,Bilaspur
HR84AB1392,Amira Sant,9176884821,Guwahati,Shillong
WB25AB1393,Shray Varma,9342051085,Ranchi,Jamshedpur
DL38AB1394,Ivana Chad,9348109408,Varanasi,Prayagraj
WB79AB1395,Renee Chaudhuri,9998939764,Kolkata,Durgapur
UP20AB1396,Indrans Bawa,9182135257,Guwahati,Shillong
DL89AB1397,Tushar Kohli,9651208953,Kolkata,Durgapur
RJ55AB1398,Bhavin Raman,9697190114,Lucknow,Kanpur
PB68AB1399,Riaan Desai,9673650982,Chennai,Coimbatore
PB57AB1400,Ehsaan Suri,9704319576,Bhubaneswar,Cuttack
DL68AB1401,Miraya Comar,9733014840,Srinagar,Jammu
RJ66AB1402,Alia Bera,9798001664,Kolkata,Durgapur
DL30AB1403,Aniruddh Sane,9610388800,Raipur,Bilaspur
TN11AB1404,Baiju Choudhry,9416975383,Nagpur,Nashik
HR47AB1405,Yakshit Joshi,9922359047,Srinagar,Jammu
KA78AB1406,Armaan Datta,9950083567,Raipur,Bilaspur
GJ76AB1407,Ishaan Sane,9267176875,Ahmedabad,Surat
KA18AB1408,Prerak Loyal,9865647319,Varanasi,Prayagraj
DL41AB1409,Lakshit Bhatti,9386575077,Kochi,Trivandrum
HR86AB1410,Kimaya Hayer,9580210301,Srinagar,Jammu
PB76AB1411,Zeeshan Rajagopal,9492715807,Bhubaneswar,Cuttack
RJ75AB1412,Ehsaan Khurana,9911013584,Gangtok,Siliguri
HR87AB1413,Dhanush Jani,9892431600,Dehradun,Haridwar
KA91AB1414,Saanvi Kalita,9710377682,Shimla,Manali
WB40AB1415,Reyansh Shere,9514514427,Jaipur,Udaipur
KA17AB1416,Prerak Banerjee,9155866539,Ahmedabad,Surat
UP97AB1417,Chirag Borah,9505022334,Ahmedabad,Surat
RJ64AB1418,Zain Loke,9134068419,Varanasi,Prayagraj
RJ43AB1419,Sara Venkatesh,9617329839,Imphal,Aizawl
HR33AB1420,Lakshit Balakrishnan,9835313082,Amritsar,Ludhiana
UP59AB1421,Drishya Chad,9920623334,Srinagar,Jammu
WB31AB1422,Ishaan Sheth,9182549833,Bhopal,Indore
GJ67AB1423,Kavya Tandon,9199426824,Patna,Gaya
TN41AB1424,Stuvan Mahajan,9378625707,Bangalore,Mysore
UP14AB1425,Uthkarsh Deep,9647675067,Jaipur,Udaipur
RJ91AB1426,Keya Kuruvilla,9902153794,Bhopal,Indore
TN99AB1427,Kimaya Johal,9879128513,Agartala,Shillong
TN41AB1428,Adira Agarwal,9899975527,Bhopal,Indore
GJ37AB1429,Prerak Sengupta,9804259589,Dehradun,Haridwar
HR91AB1430,Damini Dani,9185096062,Bhopal,Indore
TN57AB1431,Vanya Ravi,9812565532,Jaipur,Udaipur
PB88AB1432,Aniruddh Sen,9633813797,Amritsar,Ludhiana
HR12AB1433,Taran Vohra,9111808459,Kochi,Trivandrum
HR18AB1434,Arnav Shetty,9584191046,Lucknow,Kanpur
WB49AB1435,Vanya Venkatesh,9817413272,Shimla,Manali
HR58AB1436,Kashvi Upadhyay,9998387699,Nagpur,Nashik
DL96AB1437,Zara Kapoor,9725114464,Delhi,Chandigarh
DL94AB1438,Mannat Sundaram,9600835455,Imphal,Aizawl
DL27AB1439,Faiyaz Kade,9349749684,Varanasi,Prayagraj
TN37AB1440,Samaira Aggarwal,9335755761,Bangalore,Mysore
MH45AB1441,Parinaaz Dube,9488217798,Guwahati,Shillong
TN91AB1442,Khushi Kata,9835358024,Bangalore,Mysore
PB40AB1443,Ranbir Sarma,9687770652,Jaipur,Udaipur
PB51AB1444,Indrajit Mann,9351628246,Lucknow,Kanpur
MH25AB1445,Ehsaan Chhabra,9518129367,Varanasi,Prayagraj
HR87AB1446,Yasmin Sangha,9938870793,Bhubaneswar,Cuttack
KA30AB1447,Samaira Venkataraman,9203273542,Jaipur,Udaipur
RJ62AB1448,Hansh Bail,9770892168,Guwahati,Shillong
GJ12AB1449,Ahana  Bhatia,9270784728,Bhubaneswar,Cuttack
RJ68AB1450,Kimaya Bora,9291464074,Chennai,Coimbatore
GJ71AB1451,Kartik Borah,9377736895,Amritsar,Ludhiana
TN70AB1452,Advika Sethi,9383461524,Ranchi,Jamshedpur
DL29AB1453,Badal Bora,9633073954,Kolkata,Durgapur
MH99AB1454,Kabir Bumb,9761447757,Amritsar,Ludhiana
DL44AB1455,Ivan Viswanathan,9148033478,Ranchi,Jamshedpur
UP52AB1456,Samarth Dhingra,9254823691,Kolkata,Durgapur
HR78AB1457,Raunak Mani,9471846225,Bhopal,Indore
PB28AB1458,Ritvik Balan,9931075374,Delhi,Chandigarh
GJ85AB1459,Anay Golla,9354521978,Varanasi,Prayagraj
KA78AB1460,Ehsaan Sarin,9266932601,Amritsar,Ludhiana
RJ25AB1461,Shamik Deshmukh,9182155761,Srinagar,Jammu
RJ84AB1462,Indrans Hora,9742982432,Ahmedabad,Surat
KA41AB1463,Mishti Dutt,9886559134,Varanasi,Prayagraj
KA56AB1464,Jayant Brar,9730328466,Jaipur,Udaipur
PB47AB1465,Yasmin Deep,9669479013,Kolkata,Durgapur
HR38AB1466,Taran Gulati,9733847919,Jaipur,Udaipur
PB13AB1467,Divit Andra,9205572862,Bangalore,Mysore
UP26AB1468,Zeeshan Datta,9532132344,Kolkata,Durgapur
TN23AB1469,Shalv Bala,9441119371,Amritsar,Ludhiana
TN82AB1470,Jivin Chadha,9715153453,Bangalore,Mysore
WB10AB1471,Jivin Sekhon,9385576285,Mumbai,Pune
DL29AB1472,Zain Bhalla,9399976250,Mumbai,Pune
WB66AB1473,Riaan Mallick,9238686809,Jaipur,Udaipur
WB45AB1474,Nirvi Lad,9275430481,Jaipur,Udaipur
HR62AB1475,Anay Shukla,9982154890,Ahmedabad,Surat
PB19AB1476,Hazel Mahal,9293730027,Chennai,Coimbatore
MH87AB1477,Adira Johal,9196969714,Dehradun,Haridwar
DL52AB1478,Umang Wali,9536926835,Patna,Gaya
WB56AB1479,Samaira Rattan,9151922281,Bhopal,Indore
UP36AB1480,Drishya Sanghvi,9965904164,Guwahati,Shillong
TN64AB1481,Vihaan Ramanathan,9327377246,Agartala,Shillong
GJ28AB1482,Ranbir Borah,9146721015,Jaipur,Udaipur
DL37AB1483,Vidur Tak,9225831592,Kolkata,Durgapur
RJ14AB1484,Navya Chana,9572351286,Raipur,Bilaspur
TN60AB1485,Manikya Kara,9658476869,Bhubaneswar,Cuttack
DL84AB1486,Anaya Raja,9747720656,Bhubaneswar,Cuttack
UP33AB1487,Himmat Venkatesh,9696183094,Ranchi,Jamshedpur
UP27AB1488,Anahi Dada,9694854971,Ranchi,Jamshedpur
KA10AB1489,Kabir Kakar,9244344499,Kolkata,Durgapur
RJ96AB1490,Taimur Koshy,9990200209,Delhi,Chandigarh
KA72AB1491,Baiju Solanki,9299120145,Srinagar,Jammu
RJ96AB1492,Tara Sridhar,9517124782,Delhi,Chandigarh
GJ67AB1493,Indrans Sundaram,9974496924,Nagpur,Nashik
DL52AB1494,Arhaan Chopra,9727393974,Ranchi,Jamshedpur
WB90AB1495,Zain Gala,9923737661,Imphal,Aizawl
RJ33AB1496,Indrajit Chand,9242452120,Bangalore,Mysore
UP60AB1497,Tanya Saini,9182522412,Kolkata,Durgapur
HR94AB1498,Kashvi Bali,9127234562,Raipur,Bilaspur
DL35AB1499,Navya Chandra,9312775029,Dehradun,Haridwar
HR83AB1500,Alisha Goel,9897052057,Raipur,Bilaspur
WB76AB1501,Vardaniya Mander,9569096971,Gangtok,Siliguri
KA40AB1502,Badal Boase,9285828924,Delhi,Chandigarh
TN68AB1503,Indrans Jaggi,9434048605,Mumbai,Pune
KA33AB1504,Kavya Johal,9709226767,Bangalore,Mysore
WB73AB1505,Aarna Lalla,9960060521,Ranchi,Jamshedpur
MH77AB1506,Lakshit De,9161839535,Amritsar,Ludhiana
PB20AB1507,Vaibhav Vyas,9979067921,Kochi,Trivandrum
MH71AB1508,Manikya Sethi,9702333794,Kochi,Trivandrum
GJ66AB1509,Sumer Malhotra,9548276002,Varanasi,Prayagraj
WB96AB1510,Piya Deol,9293388572,Kolkata,Durgapur
RJ15AB1511,Shalv Garg,9110701925,Imphal,Aizawl
RJ37AB1512,Fateh Tripathi,9157376814,Raipur,Bilaspur
UP20AB1513,Hridaan Suresh,9529932497,Varanasi,Prayagraj
DL59AB1514,Advika Upadhyay,9704855150,Shimla,Manali
MH32AB1515,Raghav Dara,9606430138,Imphal,Aizawl
PB90AB1516,Chirag Sant,9716208422,Lucknow,Kanpur
MH71AB1517,Samiha Jha,9966125423,Kochi,Trivandrum
GJ63AB1518,Ahana  Bera,9445892849,Bangalore,Mysore
PB93AB1519,Uthkarsh Srinivas,9690574848,Bhopal,Indore
PB17AB1520,Nirvaan Hora,9333856990,Delhi,Chandigarh
TN32AB1521,Ehsaan Khatri,9940518701,Varanasi,Prayagraj
KA91AB1522,Indranil Bedi,9270540107,Kochi,Trivandrum
HR78AB1523,Faiyaz Sen,9760092298,Imphal,Aizawl
UP88AB1524,Kashvi Bajaj,9438200422,Patna,Gaya
RJ63AB1525,Indrajit Chana,9890487332,Kolkata,Durgapur
TN80AB1526,Shaan Wadhwa,9648665143,Jaipur,Udaipur
PB11AB1527,Divij Dhillon,9418216947,Agartala,Shillong
DL21AB1528,Oorja Garde,9622323265,Nagpur,Nashik
DL75AB1529,Yasmin Hayer,9919431038,Srinagar,Jammu
UP73AB1530,Dhanush Sawhney,9531603656,Raipur,Bilaspur
GJ96AB1531,Indranil Bhagat,9613529784,Nagpur,Nashik
MH43AB1532,Keya Ben,9670452711,Hyderabad,Vijayawada
MH26AB1533,Saira Kara,9671831794,Chennai,Coimbatore
TN87AB1534,Sahil Khalsa,9181125422,Lucknow,Kanpur
WB11AB1535,Kismat Sahota,9458019358,Nagpur,Nashik
DL52AB1536,Indrajit Kara,9895292837,Gangtok,Siliguri
DL19AB1537,Tejas Ratti,9536480269,Delhi,Chandigarh
KA44AB1538,Hansh Mann,9306011496,Nagpur,Nashik
WB40AB1539,Trisha Kulkarni,9943955996,Dehradun,Haridwar
UP45AB1540,Stuvan Goel,9968043636,Chennai,Coimbatore
RJ54AB1541,Siya Chokshi,9387792519,Agartala,Shillong
MH53AB1542,Rania Raju,9545992475,Kolkata,Durgapur
MH59AB1543,Kanav Mangat,9628761453,Mumbai,Pune
KA87AB1544,Vivaan Tripathi,9721030322,Jaipur,Udaipur
GJ26AB1545,Uthkarsh Bahl,9153022853,Bangalore,Mysore
HR87AB1546,Heer Kapoor,9958444067,Ranchi,Jamshedpur
HR91AB1547,Jivika Suri,9224949231,Nagpur,Nashik
TN74AB1548,Jayan Mammen,9311154650,Hyderabad,Vijayawada
TN48AB1549,Taimur Baria,9383302741,Srinagar,Jammu
UP64AB1550,Jayesh Konda,9802664588,Nagpur,Nashik
HR40AB1551,Suhana Bains,9805893910,Mumbai,Pune
GJ60AB1552,Onkar Bhatt,9328910843,Raipur,Bilaspur
KA39AB1553,Kashvi Shetty,9271028679,Agartala,Shillong
DL90AB1554,Tiya Trivedi,9353182623,Srinagar,Jammu
DL63AB1555,Pranay Bose,9162260071,Patna,Gaya
RJ13AB1556,Anya Keer,9608490553,Agartala,Shillong
DL11AB1557,Miraya Varghese,9570309374,Shimla,Manali
UP99AB1558,Lakshay Kala,9235895923,Bhubaneswar,Cuttack
KA81AB1559,Lavanya Sastry,9733896293,Jaipur,Udaipur
WB79AB1560,Anaya Bumb,9975321421,Hyderabad,Vijayawada
KA80AB1561,Khushi Babu,9831825682,Bhubaneswar,Cuttack
RJ27AB1562,Saanvi Khalsa,9363298629,Delhi,Chandigarh
GJ18AB1563,Nakul Bhatt,9675758413,Ahmedabad,Surat
PB62AB1564,Manikya Thakur,9952848491,Bangalore,Mysore
UP85AB1565,Anahi Korpal,9575579771,Mumbai,Pune
GJ93AB1566,Aaryahi Raman,9880834891,Agartala,Shillong
RJ98AB1567,Aradhya Thakkar,9492220113,Bangalore,Mysore
KA40AB1568,Divyansh Sen,9259110641,Chennai,Coimbatore
KA76AB1569,Hiran Borah,9688345086,Delhi,Chandigarh
MH96AB1570,Indranil Krishnamurthy,9612771214,Hyderabad,Vijayawada
TN70AB1571,Saira Verma,9776230894,Amritsar,Ludhiana
UP93AB1572,Vaibhav Dasgupta,9232912370,Varanasi,Prayagraj
KA51AB1573,Jivin Ranganathan,9429572683,Bhopal,Indore
MH95AB1574,Oorja Tak,9609621021,Bhubaneswar,Cuttack
MH46AB1575,Dhanuk Tank,9371952785,Amritsar,Ludhiana
GJ39AB1576,Anvi Salvi,9445061417,Ranchi,Jamshedpur
DL51AB1577,Taimur Apte,9672550865,Gangtok,Siliguri
TN86AB1578,Arnav Dua,9216451716,Bangalore,Mysore
GJ88AB1579,Myra Bora,9449996396,Nagpur,Nashik
WB62AB1580,Jayant Krishnan,9911846971,Chennai,Coimbatore
DL67AB1581,Ehsaan Rana,9167790046,Kolkata,Durgapur
DL96AB1582,Trisha Chhabra,9553312124,Gangtok,Siliguri
WB94AB1583,Kaira Sankar,9308894191,Srinagar,Jammu
UP90AB1584,Anya Issac,9339475665,Amritsar,Ludhiana
WB31AB1585,Mehul Dalal,9748652910,Ranchi,Jamshedpur
GJ87AB1586,Hrishita Datta,9658253107,Agartala,Shillong
UP67AB1587,Biju Ramesh,9558954704,Chennai,Coimbatore
GJ42AB1588,Sahil Choudhry,9753692089,Srinagar,Jammu
KA63AB1589,Baiju Sankaran,9889724608,Patna,Gaya
RJ35AB1590,Arhaan Khare,9560588452,Hyderabad,Vijayawada
TN82AB1591,Manikya Tata,9560482788,Imphal,Aizawl
UP94AB1592,Shray Raval,9680977389,Guwahati,Shillong
MH38AB1593,Aayush Vaidya,9926310555,Lucknow,Kanpur
MH16AB1594,Samaira Chad,9992195396,Dehradun,Haridwar
WB37AB1595,Ehsaan Goda,9893377551,Jaipur,Udaipur
KA39AB1596,Prisha Saraf,9227555725,Chennai,Coimbatore
MH77AB1597,Bhavin Walia,9448070636,Imphal,Aizawl
HR93AB1598,Saanvi Dhillon,9168395791,Kolkata,Durgapur
PB50AB1599,Vardaniya Sagar,9524027569,Chennai,Coimbatore
MH60AB1600,Drishya Grover,9824264253,Ranchi,Jamshedpur
WB34AB1601,Damini Salvi,9651589100,Shimla,Manali
TN52AB1602,Dhruv Goyal,9652446619,Amritsar,Ludhiana
RJ70AB1603,Priyansh Ahluwalia,9951816053,Gangtok,Siliguri
UP72AB1604,Divyansh Guha,9920068323,Delhi,Chandigarh
GJ16AB1605,Anahi Bandi,9851303645,Lucknow,Kanpur
DL54AB1606,Khushi Date,9548914195,Srinagar,Jammu
WB77AB1607,Heer Atwal,9202726714,Kolkata,Durgapur
MH97AB1608,Vardaniya Sangha,9555892857,Ranchi,Jamshedpur
MH27AB1609,Jayant Bhatti,9322564225,Srinagar,Jammu
PB14AB1610,Fateh Goyal,9466330988,Delhi,Chandigarh
GJ79AB1611,Trisha Ravi,9473934042,Imphal,Aizawl
WB11AB1612,Ahana  Toor,9236925877,Srinagar,Jammu
RJ35AB1613,Ahana  Rege,9378189140,Bhopal,Indore
RJ14AB1614,Navya Krishnamurthy,9872041106,Bhubaneswar,Cuttack
DL41AB1615,Nakul Dayal,9966430865,Srinagar,Jammu
GJ17AB1616,Rati Ramachandran,9567884232,Nagpur,Nashik
UP79AB1617,Ranbir Kale,9465565570,Agartala,Shillong
HR23AB1618,Riya Andra,9211341359,Lucknow,Kanpur
KA38AB1619,Darshit Chada,9152045815,Hyderabad,Vijayawada
UP28AB1620,Rasha Batta,9813896742,Bhubaneswar,Cuttack
GJ89AB1621,Advik Chauhan,9156951778,Jaipur,Udaipur
WB47AB1622,Divit Gupta,9441388844,Jaipur,Udaipur
WB82AB1623,Advika Mander,9537995265,Delhi,Chandigarh
MH91AB1624,Nirvaan Som,9815707744,Shimla,Manali
KA24AB1625,Indrajit Tripathi,9184123497,Bhopal,Indore
WB67AB1626,Mishti Deo,9840194535,Ranchi,Jamshedpur
DL27AB1627,Kashvi Dhaliwal,9739825813,Nagpur,Nashik
UP39AB1628,Anahita Rege,9129382335,Ahmedabad,Surat
TN96AB1629,Aaina Gokhale,9572270332,Dehradun,Haridwar
PB93AB1630,Nakul Chada,9136979547,Mumbai,Pune
DL50AB1631,Nitara Chandran,9915391439,Mumbai,Pune
RJ76AB1632,Zain Madan,9344391445,Raipur,Bilaspur
RJ63AB1633,Elakshi Lal,9812138654,Gangtok,Siliguri
DL88AB1634,Yasmin Ranganathan,9924263787,Shimla,Manali
DL63AB1635,Zoya Bobal,9182137840,Srinagar,Jammu
UP14AB1636,Onkar Iyer,9719152527,Dehradun,Haridwar
PB87AB1637,Rohan Warrior,9804055877,Amritsar,Ludhiana
RJ44AB1638,Stuvan Swamy,9950457247,Hyderabad,Vijayawada
GJ91AB1639,Saanvi Sama,9834025878,Amritsar,Ludhiana
KA93AB1640,Aaina Saraf,9452706378,Kochi,Trivandrum
GJ40AB1641,Mahika Ravel,9675236859,Hyderabad,Vijayawada
PB36AB1642,Reyansh Hayer,9415747491,Varanasi,Prayagraj
GJ86AB1643,Stuvan Manda,9409661097,Hyderabad,Vijayawada
MH30AB1644,Dhruv Randhawa,9783949316,Varanasi,Prayagraj
GJ77AB1645,Shamik Sangha,9949130154,Delhi,Chandigarh
WB23AB1646,Shaan Issac,9159825538,Varanasi,Prayagraj
KA57AB1647,Alia Bir,9368559077,Chennai,Coimbatore
GJ26AB1648,Advika Ravi,9591539803,Bhopal,Indore
RJ98AB1649,Shlok Hayre,9305612912,Srinagar,Jammu
DL52AB1650,Jiya Goswami,9953937265,Kolkata,Durgapur
UP81AB1651,Vardaniya Date,9251439889,Ranchi,Jamshedpur
GJ45AB1652,Keya Bath,9493335688,Chennai,Coimbatore
MH44AB1653,Anaya Sidhu,9810207645,Dehradun,Haridwar
HR15AB1654,Ira Krishnan,9289553842,Chennai,Coimbatore
MH77AB1655,Gatik Roy,9847309045,Srinagar,Jammu
DL21AB1656,Tiya Ram,9619582831,Shimla,Manali
RJ98AB1657,Ritvik Bajaj,9878735008,Bhubaneswar,Cuttack
PB31AB1658,Riya Varma,9791931378,Chennai,Coimbatore
DL39AB1659,Arhaan Kakar,9795237872,Guwahati,Shillong
RJ31AB1660,Riaan Chada,9329322940,Srinagar,Jammu
RJ70AB1661,Oorja Walla,9391699206,Patna,Gaya
WB38AB1662,Krish Dalal,9507803464,Guwahati,Shillong
PB12AB1663,Raghav Sathe,9198351904,Ahmedabad,Surat
WB13AB1664,Amani Shukla,9333086789,Amritsar,Ludhiana
TN81AB1665,Shaan Bajaj,9133150894,Patna,Gaya
PB53AB1666,Nakul Kala,9355292885,Jaipur,Udaipur
GJ19AB1667,Adah Singh,9538070960,Shimla,Manali
UP68AB1668,Divit Kapur,9352657977,Hyderabad,Vijayawada
HR32AB1669,Saira Chopra,9309963228,Lucknow,Kanpur
GJ89AB1670,Madhup Dutta,9616060277,Srinagar,Jammu
TN93AB1671,Vaibhav Baral,9190533515,Varanasi,Prayagraj
WB22AB1672,Sara Jayaraman,9689812541,Agartala,Shillong
KA86AB1673,Ritvik Chad,9700767142,Jaipur,Udaipur
KA37AB1674,Veer Chander,9578153748,Hyderabad,Vijayawada
MH24AB1675,Riaan Goswami,9969797722,Lucknow,Kanpur
KA10AB1676,Vivaan Dhingra,9512186597,Amritsar,Ludhiana
WB51AB1677,Khushi Dass,9776469118,Kolkata,Durgapur
GJ95AB1678,Anvi Saini,9920071206,Raipur,Bilaspur
KA96AB1679,Heer Gandhi,9798118843,Gangtok,Siliguri
DL67AB1680,Ryan Kala,9204195616,Ranchi,Jamshedpur
DL45AB1681,Nayantara Khurana,9178025908,Patna,Gaya
GJ90AB1682,Sara Chacko,9579426678,Hyderabad,Vijayawada
WB53AB1683,Hiran Karpe,9427826449,Shimla,Manali
HR55AB1684,Ivana Srivastava,9326123221,Nagpur,Nashik
KA93AB1685,Aarav Srinivas,9467327621,Chennai,Coimbatore
WB28AB1686,Advik Sankar,9504564157,Varanasi,Prayagraj
TN93AB1687,Manjari Deep,9658588918,Delhi,Chandigarh
KA23AB1688,Zeeshan Bhatt,9274943017,Gangtok,Siliguri
UP12AB1689,Advik Kashyap,9490792084,Lucknow,Kanpur
MH23AB1690,Veer Bhatt,9487029117,Kolkata,Durgapur
KA13AB1691,Rasha Sama,9147495356,Bhopal,Indore
TN75AB1692,Dhanush Chana,9991223790,Bhopal,Indore
RJ94AB1693,Neelofar Singhal,9538108147,Kochi,Trivandrum
KA46AB1694,Kanav Rajan,9980969703,Shimla,Manali
KA28AB1695,Diya Basak,9110963179,Hyderabad,Vijayawada
MH16AB1696,Divyansh Ratti,9542191713,Kolkata,Durgapur
RJ45AB1697,Nehmat Uppal,9187903197,Raipur,Bilaspur
RJ88AB1698,Amira Sawhney,9576115295,Lucknow,Kanpur
TN56AB1699,Riya Seth,9792349628,Amritsar,Ludhiana
KA61AB1700,Prisha Iyer,9329554208,Kochi,Trivandrum
GJ40AB1701,Riaan Ravi,9426380973,Bhopal,Indore
UP94AB1702,Siya Choudhry,9830815283,Agartala,Shillong
PB68AB1703,Raghav Krishna,9109444572,Hyderabad,Vijayawada
HR34AB1704,Elakshi Desai,9910622854,Delhi,Chandigarh
TN59AB1705,Kartik Tara,9115077508,Shimla,Manali
KA11AB1706,Aarav Garg,9905130066,Lucknow,Kanpur
DL10AB1707,Anay Anne,9607071887,Guwahati,Shillong
KA82AB1708,Pihu Hari,9218359192,Dehradun,Haridwar
HR11AB1709,Aayush Wadhwa,9730049104,Chennai,Coimbatore
DL53AB1710,Lavanya Bedi,9187479987,Nagpur,Nashik
GJ17AB1711,Advik Kari,9767437893,Lucknow,Kanpur
MH49AB1712,Nitya Rajagopal,9636565432,Bangalore,Mysore
HR84AB1713,Kiara Dass,9713137844,Bhubaneswar,Cuttack
RJ97AB1714,Pari Kothari,9475223284,Amritsar,Ludhiana
HR17AB1715,Jhanvi Bobal,9840838882,Lucknow,Kanpur
MH21AB1716,Jivin Deshpande,9119163597,Mumbai,Pune
KA42AB1717,Ojas Sarin,9825617746,Bangalore,Mysore
UP25AB1718,Ehsaan Walia,9294367198,Shimla,Manali
PB11AB1719,Aaryahi Ganguly,9803586093,Varanasi,Prayagraj
HR41AB1720,Zoya Vala,9795390482,Kochi,Trivandrum
GJ75AB1721,Lakshay Choudhury,9265983316,Bhubaneswar,Cuttack
HR63AB1722,Zeeshan Mander,9848680678,Bangalore,Mysore
TN30AB1723,Dharmajan Vora,9917652366,Bhopal,Indore
PB48AB1724,Adah Barad,9556426602,Gangtok,Siliguri
GJ80AB1725,Raghav Sem,9250144781,Bhopal,Indore
TN29AB1726,Indranil Rama,9891909691,Delhi,Chandigarh
GJ72AB1727,Khushi Uppal,9823214744,Delhi,Chandigarh
MH95AB1728,Ryan Varty,9595948200,Nagpur,Nashik
DL19AB1729,Miraya Rout,9433315483,Bhopal,Indore
GJ33AB1730,Mannat Datta,9262098553,Chennai,Coimbatore
TN90AB1731,Shanaya Sengupta,9859539503,Ahmedabad,Surat
PB75AB1732,Prerak Sabharwal,9642964270,Delhi,Chandigarh
HR32AB1733,Faiyaz Salvi,9245204916,Bhubaneswar,Cuttack
MH74AB1734,Diya Rajagopalan,9106150324,Amritsar,Ludhiana
HR19AB1735,Nirvaan Vyas,9128351141,Raipur,Bilaspur
PB94AB1736,Shayak Koshy,9546183412,Amritsar,Ludhiana
TN81AB1737,Zain Bahl,9689326266,Bhopal,Indore
DL15AB1738,Heer Sagar,9939231041,Patna,Gaya
TN79AB1739,Neysa Yogi,9832095167,Delhi,Chandigarh
DL71AB1740,Jayesh Arya,9572861857,Varanasi,Prayagraj
UP16AB1741,Zoya Bava,9427292655,Jaipur,Udaipur
PB11AB1742,Sara Saha,9472955422,Bangalore,Mysore
RJ74AB1743,Seher Tara,9717748129,Ahmedabad,Surat
RJ16AB1744,Anya Aggarwal,9988503569,Agartala,Shillong
WB89AB1745,Mannat Suresh,9185395504,Ahmedabad,Surat
RJ56AB1746,Yakshit Handa,9572980850,Agartala,Shillong
TN55AB1747,Hridaan Gokhale,9399544746,Hyderabad,Vijayawada
TN71AB1748,Reyansh Loyal,9897831839,Chennai,Coimbatore
WB29AB1749,Myra Sabharwal,9741739097,Mumbai,Pune
TN33AB1750,Divyansh Sarraf,9318904927,Jaipur,Udaipur
PB61AB1751,Suhana Rattan,9711368152,Mumbai,Pune
WB15AB1752,Yashvi Bava,9171421533,Varanasi,Prayagraj
RJ34AB1753,Urvi D’Alia,9154400608,Chennai,Coimbatore
GJ43AB1754,Vidur Choudhary,9915236052,Shimla,Manali
TN78AB1755,Vardaniya Saraf,9533891039,Kolkata,Durgapur
UP40AB1756,Shlok Lad,9185854076,Delhi,Chandigarh
UP37AB1757,Zara Venkataraman,9724053309,Hyderabad,Vijayawada
UP44AB1758,Heer Din,9637989967,Jaipur,Udaipur
KA37AB1759,Alisha Rastogi,9591395833,Kochi,Trivandrum
DL36AB1760,Hrishita Upadhyay,9140813119,Bhopal,Indore
DL70AB1761,Neysa Kaul,9896435298,Ranchi,Jamshedpur
MH60AB1762,Raghav Roy,9279978162,Ahmedabad,Surat
HR76AB1763,Divit Arora,9380007258,Patna,Gaya
DL32AB1764,Lavanya Chanda,9987898812,Mumbai,Pune
MH30AB1765,Kavya Karpe,9375317332,Srinagar,Jammu
WB18AB1766,Ivana Deol,9298019877,Gangtok,Siliguri
PB23AB1767,Kiaan Sule,9803878538,Raipur,Bilaspur
WB85AB1768,Indrajit Thakur,9117261363,Amritsar,Ludhiana
RJ96AB1769,Farhan Behl,9896823842,Gangtok,Siliguri
DL88AB1770,Stuvan Ravel,9272048621,Amritsar,Ludhiana
MH15AB1771,Shlok Dey,9739748516,Dehradun,Haridwar
WB97AB1772,Ritvik Borra,9542205969,Amritsar,Ludhiana
KA84AB1773,Vardaniya Sampath,9354180126,Patna,Gaya
DL96AB1774,Eva Basu,9196316645,Bhopal,Indore
GJ34AB1775,Raunak Chand,9588805811,Raipur,Bilaspur
DL54AB1776,Divij Kapadia,9800463665,Nagpur,Nashik
MH39AB1777,Riaan Bhat,9992785236,Nagpur,Nashik
DL72AB1778,Jayesh Roy,9605827085,Kochi,Trivandrum
MH25AB1779,Zeeshan Kurian,9920755638,Ranchi,Jamshedpur
MH59AB1780,Arnav Bawa,9789976837,Jaipur,Udaipur
KA22AB1781,Vidur Guha,9277785113,Imphal,Aizawl
RJ48AB1782,Mohanlal Bera,9984305840,Bhopal,Indore
DL47AB1783,Vidur Sibal,9787546611,Bhopal,Indore
KA22AB1784,Damini Bumb,9809808110,Bhopal,Indore
GJ94AB1785,Nakul Rajagopalan,9751996895,Amritsar,Ludhiana
TN27AB1786,Sana Sankar,9471975963,Raipur,Bilaspur
TN49AB1787,Mamooty Dube,9981628628,Ranchi,Jamshedpur
PB56AB1788,Vanya Grover,9801946190,Srinagar,Jammu
MH38AB1789,Dhruv Barad,9276538497,Varanasi,Prayagraj
GJ16AB1790,Rasha Sani,9499599221,Guwahati,Shillong
MH43AB1791,Shayak D’Alia,9807030058,Kochi,Trivandrum
MH31AB1792,Divit Ratta,9776499181,Bhopal,Indore
UP92AB1793,Armaan Kapoor,9208242468,Kolkata,Durgapur
PB90AB1794,Fateh Raval,9183155392,Shimla,Manali
KA36AB1795,Kashvi Barman,9631394042,Patna,Gaya
MH32AB1796,Yakshit Handa,9589295115,Chennai,Coimbatore
TN11AB1797,Divij Jani,9694757415,Bangalore,Mysore
UP24AB1798,Anya Bhalla,9201310708,Hyderabad,Vijayawada
MH64AB1799,Oorja Talwar,9961134878,Amritsar,Ludhiana
TN87AB1800,Rati Vora,9518014929,Amritsar,Ludhiana
PB31AB1801,Charvi Goyal,9321776621,Shimla,Manali
TN10AB1802,Kashvi Agarwal,9559557779,Ranchi,Jamshedpur
RJ90AB1803,Zaina Bali,9535092442,Bangalore,Mysore
KA74AB1804,Stuvan Sarraf,9699238334,Shimla,Manali
RJ22AB1805,Lakshit Walia,9469628519,Kolkata,Durgapur
UP63AB1806,Adah Sethi,9623238413,Bangalore,Mysore
DL10AB1807,Jivika Verma,9651545558,Bangalore,Mysore
MH59AB1808,Yashvi Srinivas,9351576139,Guwahati,Shillong
HR38AB1809,Trisha Ganesh,9879421576,Kolkata,Durgapur
RJ69AB1810,Zaina Kanda,9651903122,Varanasi,Prayagraj
TN50AB1811,Vidur Kamdar,9120287234,Kochi,Trivandrum
WB98AB1812,Yasmin Tank,9362778011,Ahmedabad,Surat
UP65AB1813,Myra Biswas,9746669269,Ranchi,Jamshedpur
KA85AB1814,Kanav Mangat,9570043518,Kolkata,Durgapur
MH58AB1815,Shalv Bumb,9999928724,Srinagar,Jammu
TN32AB1816,Parinaaz Mallick,9178108677,Dehradun,Haridwar
TN76AB1817,Urvi Srinivasan,9124718922,Kochi,Trivandrum
WB13AB1818,Aarav Chandran,9287418500,Gangtok,Siliguri
HR32AB1819,Ishita Sagar,9633992992,Lucknow,Kanpur
MH19AB1820,Khushi Iyer,9897153573,Kolkata,Durgapur
RJ71AB1821,Heer Vohra,9524759293,Patna,Gaya
HR66AB1822,Kabir Ahluwalia,9455901411,Gangtok,Siliguri
RJ80AB1823,Anvi Basu,9292924503,Kolkata,Durgapur
GJ10AB1824,Samar Madan,9354224980,Hyderabad,Vijayawada
UP71AB1825,Neelofar Garde,9918551950,Guwahati,Shillong
WB22AB1826,Anay Sinha,9752155626,Kolkata,Durgapur
RJ97AB1827,Tiya Gulati,9512170161,Srinagar,Jammu
UP71AB1828,Tanya Singh,9572504396,Patna,Gaya
RJ29AB1829,Nehmat Apte,9172408502,Guwahati,Shillong
UP10AB1830,Diya Kuruvilla,9401403486,Kolkata,Durgapur
UP71AB1831,Saanvi De,9335181004,Varanasi,Prayagraj
HR45AB1832,Rania Jha,9360624984,Bhopal,Indore
MH63AB1833,Advika Shankar,9187196646,Kochi,Trivandrum
UP12AB1834,Jayant Gupta,9484428798,Delhi,Chandigarh
MH60AB1835,Mehul Choudhry,9331271764,Bhubaneswar,Cuttack
RJ52AB1836,Kanav Jain,9305712274,Ranchi,Jamshedpur
PB47AB1837,Ishita Jhaveri,9858871226,Bangalore,Mysore
DL58AB1838,Chirag Sanghvi,9384790811,Srinagar,Jammu
WB20AB1839,Mannat Kapur,9221467327,Bangalore,Mysore
DL45AB1840,Neysa Ratta,9212651702,Patna,Gaya
MH71AB1841,Yakshit Kannan,9860994145,Bhubaneswar,Cuttack
RJ49AB1842,Raghav Karan,9637865631,Kolkata,Durgapur
GJ37AB1843,Aayush Kale,9366579440,Ahmedabad,Surat
UP14AB1844,Samar Ghose,9952525237,Raipur,Bilaspur
KA95AB1845,Indrajit Datta,9831336583,Kolkata,Durgapur
WB82AB1846,Nirvaan Bumb,9496620172,Jaipur,Udaipur
WB38AB1847,Kabir Shanker,9837622440,Kochi,Trivandrum
HR54AB1848,Drishya Devi,9146660152,Bangalore,Mysore
MH70AB1849,Jivika Zacharia,9958024106,Bangalore,Mysore
MH47AB1850,Vihaan Ratta,9688056318,Bhubaneswar,Cuttack
DL27AB1851,Mishti Bhakta,9433847802,Patna,Gaya
RJ97AB1852,Armaan Aurora,9256517513,Gangtok,Siliguri
PB88AB1853,Seher Saha,9177699630,Jaipur,Udaipur
MH94AB1854,Taran Sandhu,9182693385,Varanasi,Prayagraj
HR58AB1855,Taimur Dasgupta,9718774582,Delhi,Chandigarh
GJ49AB1856,Aarna Kala,9548011473,Bangalore,Mysore
GJ41AB1857,Purab Uppal,9491197951,Imphal,Aizawl
DL65AB1858,Charvi Samra,9268787051,Varanasi,Prayagraj
RJ77AB1859,Nehmat Sehgal,9434820840,Mumbai,Pune
UP68AB1860,Aarav Deep,9966231585,Amritsar,Ludhiana
RJ19AB1861,Neelofar Manne,9937211621,Amritsar,Ludhiana
MH86AB1862,Taran Kata,9951877748,Bhopal,Indore
KA12AB1863,Divij Bora,9213275254,Amritsar,Ludhiana
RJ29AB1864,Shamik Jha,9332797781,Amritsar,Ludhiana
MH86AB1865,Arhaan Krish,9756986138,Srinagar,Jammu
HR73AB1866,Mamooty Maharaj,9869368611,Hyderabad,Vijayawada
HR88AB1867,Yashvi Sanghvi,9186653617,Hyderabad,Vijayawada
MH60AB1868,Neelofar Kale,9802799763,Hyderabad,Vijayawada
MH28AB1869,Tanya Borah,9835572179,Ranchi,Jamshedpur
DL94AB1870,Devansh Doctor,9704151291,Gangtok,Siliguri
MH95AB1871,Baiju Arya,9341541830,Bhopal,Indore
WB84AB1872,Riya Ganesh,9181126607,Mumbai,Pune
WB87AB1873,Hazel Anne,9117914058,Dehradun,Haridwar
UP21AB1874,Hrishita Solanki,9318769396,Delhi,Chandigarh
MH24AB1875,Oorja Sur,9856943071,Jaipur,Udaipur
RJ99AB1876,Lagan Thakkar,9678782586,Kochi,Trivandrum
GJ18AB1877,Ivan Sahni,9457391429,Chennai,Coimbatore
UP76AB1878,Lavanya Kumar,9898418451,Kolkata,Durgapur
MH12AB1879,Shamik Jayaraman,9116296436,Delhi,Chandigarh
MH16AB1880,Jivin Kurian,9829459525,Amritsar,Ludhiana
HR90AB1881,Mishti Karan,9114740426,Chennai,Coimbatore
UP79AB1882,Renee Vig,9914015988,Patna,Gaya
MH99AB1883,Navya Ghose,9436925705,Varanasi,Prayagraj
GJ39AB1884,Vihaan Balakrishnan,9401829757,Bhopal,Indore
MH91AB1885,Adira Gandhi,9388470579,Amritsar,Ludhiana
KA24AB1886,Krish Singhal,9290154685,Imphal,Aizawl
DL98AB1887,Samarth Brar,9574244968,Dehradun,Haridwar
GJ73AB1888,Farhan D’Alia,9848338592,Nagpur,Nashik
HR82AB1889,Inaaya  Badal,9946283858,Patna,Gaya
HR17AB1890,Dhanuk Jha,9262927236,Chennai,Coimbatore
MH58AB1891,Kimaya Barad,9546066316,Imphal,Aizawl
MH94AB1892,Samar Sodhi,9535802668,Nagpur,Nashik
WB32AB1893,Urvi Devi,9645174125,Varanasi,Prayagraj
UP95AB1894,Dhruv Sankaran,9647562045,Jaipur,Udaipur
KA26AB1895,Tejas Ganguly,9407693777,Lucknow,Kanpur
PB81AB1896,Mamooty Ramaswamy,9632289857,Bangalore,Mysore
KA91AB1897,Prerak Dugar,9935155344,Guwahati,Shillong
DL11AB1898,Rohan Anand,9313351201,Shimla,Manali
PB61AB1899,Divij Saraf,9732885312,Lucknow,Kanpur
WB25AB1900,Tarini Dugar,9789235733,Nagpur,Nashik
DL83AB1901,Aarush Acharya,9983095144,Bhubaneswar,Cuttack
TN40AB1902,Kartik Rajagopalan,9305545453,Varanasi,Prayagraj
HR17AB1903,Khushi Kaul,9876583637,Patna,Gaya
UP21AB1904,Ritvik Sankar,9929590671,Hyderabad,Vijayawada
UP97AB1905,Saanvi Chahal,9762708805,Patna,Gaya
RJ62AB1906,Indrajit Golla,9464878735,Dehradun,Haridwar
HR94AB1907,Jivika Chawla,9416312553,Mumbai,Pune
WB60AB1908,Rania Kar,9503828372,Hyderabad,Vijayawada
KA54AB1909,Shanaya Babu,9323345032,Imphal,Aizawl
GJ16AB1910,Suhana Bhattacharyya,9499273884,Bhopal,Indore
DL82AB1911,Keya Magar,9919176115,Mumbai,Pune
KA17AB1912,Anya Borde,9973738256,Varanasi,Prayagraj
WB51AB1913,Nitara Sharma,9155033061,Bhubaneswar,Cuttack
MH23AB1914,Zeeshan Swaminathan,9785627967,Ahmedabad,Surat
RJ70AB1915,Elakshi Trivedi,9191551125,Delhi,Chandigarh
WB63AB1916,Amira Bora,9200662653,Nagpur,Nashik
KA55AB1917,Vivaan Agate,9392024506,Kochi,Trivandrum
KA23AB1918,Purab Kumar,9695564972,Mumbai,Pune
UP79AB1919,Elakshi Sani,9970553199,Bangalore,Mysore
KA12AB1920,Shlok Bumb,9946286648,Srinagar,Jammu
KA84AB1921,Sana Varkey,9534798263,Guwahati,Shillong
HR84AB1922,Alisha Yogi,9999625975,Nagpur,Nashik
WB47AB1923,Onkar Chakrabarti,9720274531,Dehradun,Haridwar
RJ36AB1924,Ayesha Bala,9146347267,Jaipur,Udaipur
HR87AB1925,Siya Roy,9267359549,Mumbai,Pune
HR32AB1926,Yasmin Gera,9920711469,Bhopal,Indore
RJ20AB1927,Jhanvi Mahajan,9144650156,Shimla,Manali
PB90AB1928,Mishti Sem,9697816746,Agartala,Shillong
UP94AB1929,Onkar Saxena,9424889550,Amritsar,Ludhiana
GJ78AB1930,Ivana Sarna,9684358693,Delhi,Chandigarh
WB24AB1931,Jayesh Goda,9617791825,Delhi,Chandigarh
KA60AB1932,Yakshit Acharya,9226653554,Bangalore,Mysore
RJ80AB1933,Manjari Mann,9993179040,Raipur,Bilaspur
MH25AB1934,Stuvan Rana,9242030229,Ahmedabad,Surat
KA45AB1935,Indranil Thaman,9630746487,Guwahati,Shillong
KA84AB1936,Seher Chacko,9207052487,Bangalore,Mysore
RJ35AB1937,Sahil Som,9238221622,Dehradun,Haridwar
GJ39AB1938,Aaina Kamdar,9161076209,Raipur,Bilaspur
KA63AB1939,Oorja Bhardwaj,9131106795,Kochi,Trivandrum
MH15AB1940,Anvi Brar,9483485629,Kochi,Trivandrum
UP81AB1941,Ojas Brahmbhatt,9261658939,Chennai,Coimbatore
PB82AB1942,Alisha Choudhary,9839027013,Hyderabad,Vijayawada
MH19AB1943,Mannat Doctor,9554993634,Bhopal,Indore
HR59AB1944,Hridaan Vyas,9289135446,Imphal,Aizawl
PB51AB1945,Anaya Virk,9289267061,Bhopal,Indore
HR66AB1946,Aradhya Wadhwa,9190638984,Kochi,Trivandrum
MH32AB1947,Eshani Butala,9543206127,Hyderabad,Vijayawada
TN31AB1948,Nirvi Shenoy,9390034824,Patna,Gaya
TN85AB1949,Ritvik Halder,9511444165,Dehradun,Haridwar
GJ62AB1950,Riaan Saha,9712602160,Ahmedabad,Surat
UP16AB1951,Mannat Varghese,9136779909,Delhi,Chandigarh
RJ96AB1952,Umang Varty,9500709434,Ahmedabad,Surat
HR20AB1953,Kiara Kale,9676518080,Bhubaneswar,Cuttack
GJ50AB1954,Adira Dewan,9674794693,Hyderabad,Vijayawada
WB98AB1955,Tushar Chhabra,9146656311,Mumbai,Pune
RJ92AB1956,Miraan Keer,9916788923,Ranchi,Jamshedpur
DL50AB1957,Urvi Kashyap,9506489321,Dehradun,Haridwar
KA23AB1958,Charvi Saran,9741362056,Ranchi,Jamshedpur
DL80AB1959,Nayantara Raval,9726307231,Nagpur,Nashik
DL79AB1960,Stuvan Sani,9487818499,Nagpur,Nashik
HR38AB1961,Darshit Khalsa,9169723953,Gangtok,Siliguri
PB63AB1962,Hunar Sawhney,9869792879,Dehradun,Haridwar
RJ25AB1963,Arhaan Sani,9595590147,Bhubaneswar,Cuttack
RJ71AB1964,Nirvi Borra,9315235517,Shimla,Manali
UP28AB1965,Piya Warrior,9521812487,Bhopal,Indore
TN12AB1966,Anaya Agate,9218576617,Gangtok,Siliguri
HR20AB1967,Stuvan Sarkar,9976749806,Imphal,Aizawl
GJ62AB1968,Drishya Chaudry,9166658684,Guwahati,Shillong
UP17AB1969,Nishith Badal,9270542985,Guwahati,Shillong
DL85AB1970,Alia Chakrabarti,9216675006,Bangalore,Mysore
MH60AB1971,Zain Bhatti,9275970120,Agartala,Shillong
WB10AB1972,Manikya Balakrishnan,9616580493,Srinagar,Jammu
KA89AB1973,Vritika Gade,9226730641,Nagpur,Nashik
MH41AB1974,Lakshay Talwar,9283772631,Varanasi,Prayagraj
GJ27AB1975,Nitya Sane,9442095461,Hyderabad,Vijayawada
GJ88AB1976,Shray Dugal,9206739464,Nagpur,Nashik
PB89AB1977,Baiju Zachariah,9300188194,Amritsar,Ludhiana
PB48AB1978,Samar Sahota,9911048673,Ahmedabad,Surat
RJ63AB1979,Dharmajan Chadha,9875665050,Nagpur,Nashik
UP68AB1980,Drishya Manda,9785333821,Ahmedabad,Surat
HR73AB1981,Onkar Ram,9477335233,Dehradun,Haridwar
GJ56AB1982,Dhruv Vasa,9960977936,Delhi,Chandigarh
MH21AB1983,Nakul Agarwal,9765747151,Patna,Gaya
DL57AB1984,Keya Walia,9505651664,Bangalore,Mysore
HR98AB1985,Ishaan Kar,9424001616,Kochi,Trivandrum
PB34AB1986,Siya Iyer,9497191142,Gangtok,Siliguri
HR46AB1987,Diya Borra,9399707479,Patna,Gaya
TN60AB1988,Kanav Hans,9719553560,Shimla,Manali
RJ30AB1989,Darshit Behl,9541813122,Imphal,Aizawl
PB26AB1990,Drishya Chakraborty,9991694935,Dehradun,Haridwar
KA59AB1991,Arhaan Manda,9586012092,Patna,Gaya
WB17AB1992,Krish Bhatnagar,9106086565,Mumbai,Pune
KA82AB1993,Madhav Kota,9740631722,Ahmedabad,Surat
HR20AB1994,Priyansh Brahmbhatt,9936847682,Raipur,Bilaspur
TN53AB1995,Vivaan Garde,9800707129,Kochi,Trivandrum
PB58AB1996,Myra Bhatt,9284820427,Bangalore,Mysore
WB88AB1997,Hansh Dayal,9441631976,Kolkata,Durgapur
PB16AB1998,Ela Raval,9976798875,Ranchi,Jamshedpur
DL32AB1999,Romil Thaman,9941236104,Dehradun,Haridwar
KA74AB2000,Emir Chanda,9788762880,Shimla,Manali
